epoch,train_loss,val_loss,val_accuracy
0,1.7523424835272239,1.3245649933815002,0.6591984238929648
